{
  "export_info": {
    "timestamp": "20250910_165814",
    "export_date": "2025-09-10T16:58:14.674972",
    "model_type": "multi_output_random_forest",
    "total_targets": 11,
    "total_features": 55,
    "data_source": "C:\\Projects\\URA\\ura-hungvuong\\data\\dataset_long_format_normalized_labeled.csv"
  },
  "performance": {
    "overall_train_accuracy": 0.9897894514470813,
    "overall_test_accuracy": 0.9330143540669856,
    "overall_auc_score": 0.9312551124881132,
    "training_time": 2.0874743461608887
  },
  "target_metrics": {
    "Kế hoạch (xử trí)_Monitor_Labor": {
      "train_accuracy": 0.9907048799380326,
      "test_accuracy": 0.8637770897832817,
      "auc_score": 0.9064365954862867,
      "classification_report": {
        "0": {
          "precision": 0.8862745098039215,
          "recall": 0.9377593360995851,
          "f1-score": 0.9112903225806451,
          "support": 241.0
        },
        "1": {
          "precision": 0.7794117647058824,
          "recall": 0.6463414634146342,
          "f1-score": 0.7066666666666667,
          "support": 82.0
        },
        "accuracy": 0.8637770897832817,
        "macro avg": {
          "precision": 0.8328431372549019,
          "recall": 0.7920503997571096,
          "f1-score": 0.8089784946236559,
          "support": 323.0
        },
        "weighted avg": {
          "precision": 0.8591452680143264,
          "recall": 0.8637770897832817,
          "f1-score": 0.8593425213888611,
          "support": 323.0
        }
      }
    },
    "Kế hoạch (xử trí)_Report_Doctor": {
      "train_accuracy": 0.965143299767622,
      "test_accuracy": 0.8452012383900929,
      "auc_score": 0.8900613275613276,
      "classification_report": {
        "0": {
          "precision": 0.8625,
          "recall": 0.9241071428571429,
          "f1-score": 0.8922413793103449,
          "support": 224.0
        },
        "1": {
          "precision": 0.7951807228915663,
          "recall": 0.6666666666666666,
          "f1-score": 0.7252747252747253,
          "support": 99.0
        },
        "accuracy": 0.8452012383900929,
        "macro avg": {
          "precision": 0.8288403614457831,
          "recall": 0.7953869047619048,
          "f1-score": 0.8087580522925351,
          "support": 323.0
        },
        "weighted avg": {
          "precision": 0.8418665373568579,
          "recall": 0.8452012383900929,
          "f1-score": 0.8410658413861147,
          "support": 323.0
        }
      }
    },
    "Kế hoạch (xử trí)_Prepare_Delivery": {
      "train_accuracy": 0.9852827265685515,
      "test_accuracy": 0.9535603715170279,
      "auc_score": 0.9672320217096337,
      "classification_report": {
        "0": {
          "precision": 0.9702602230483272,
          "recall": 0.9738805970149254,
          "f1-score": 0.9720670391061452,
          "support": 268.0
        },
        "1": {
          "precision": 0.8703703703703703,
          "recall": 0.8545454545454545,
          "f1-score": 0.8623853211009175,
          "support": 55.0
        },
        "accuracy": 0.9535603715170279,
        "macro avg": {
          "precision": 0.9203152967093488,
          "recall": 0.9142130257801899,
          "f1-score": 0.9172261801035313,
          "support": 323.0
        },
        "weighted avg": {
          "precision": 0.953251115007189,
          "recall": 0.9535603715170279,
          "f1-score": 0.9533905855758432,
          "support": 323.0
        }
      }
    },
    "Kế hoạch (xử trí)_Neonatal_Resuscitation": {
      "train_accuracy": 0.9852827265685515,
      "test_accuracy": 0.9535603715170279,
      "auc_score": 0.9672320217096337,
      "classification_report": {
        "0": {
          "precision": 0.9702602230483272,
          "recall": 0.9738805970149254,
          "f1-score": 0.9720670391061452,
          "support": 268.0
        },
        "1": {
          "precision": 0.8703703703703703,
          "recall": 0.8545454545454545,
          "f1-score": 0.8623853211009175,
          "support": 55.0
        },
        "accuracy": 0.9535603715170279,
        "macro avg": {
          "precision": 0.9203152967093488,
          "recall": 0.9142130257801899,
          "f1-score": 0.9172261801035313,
          "support": 323.0
        },
        "weighted avg": {
          "precision": 0.953251115007189,
          "recall": 0.9535603715170279,
          "f1-score": 0.9533905855758432,
          "support": 323.0
        }
      }
    },
    "Kế hoạch (xử trí)_Prevent_Hemorrhage": {
      "train_accuracy": 0.9969016266460109,
      "test_accuracy": 0.9380804953560371,
      "auc_score": 0.9288401253918496,
      "classification_report": {
        "0": {
          "precision": 0.9383116883116883,
          "recall": 0.996551724137931,
          "f1-score": 0.9665551839464883,
          "support": 290.0
        },
        "1": {
          "precision": 0.9333333333333333,
          "recall": 0.42424242424242425,
          "f1-score": 0.5833333333333334,
          "support": 33.0
        },
        "accuracy": 0.9380804953560371,
        "macro avg": {
          "precision": 0.9358225108225109,
          "recall": 0.7103970741901776,
          "f1-score": 0.7749442586399109,
          "support": 323.0
        },
        "weighted avg": {
          "precision": 0.9378030638092558,
          "recall": 0.9380804953560371,
          "f1-score": 0.927402487134618,
          "support": 323.0
        }
      }
    },
    "Kế hoạch (xử trí)_Fetal_Resuscitation": {
      "train_accuracy": 0.9969016266460109,
      "test_accuracy": 0.9690402476780186,
      "auc_score": 0.9796578825705039,
      "classification_report": {
        "0": {
          "precision": 0.9716088328075709,
          "recall": 0.9967637540453075,
          "f1-score": 0.9840255591054313,
          "support": 309.0
        },
        "1": {
          "precision": 0.8333333333333334,
          "recall": 0.35714285714285715,
          "f1-score": 0.5,
          "support": 14.0
        },
        "accuracy": 0.9690402476780186,
        "macro avg": {
          "precision": 0.9024710830704521,
          "recall": 0.6769533055940823,
          "f1-score": 0.7420127795527156,
          "support": 323.0
        },
        "weighted avg": {
          "precision": 0.9656154675052819,
          "recall": 0.9690402476780186,
          "f1-score": 0.9630461231070535,
          "support": 323.0
        }
      }
    },
    "Kế hoạch (xử trí)_Notify_Attending": {
      "train_accuracy": 0.9992254066615027,
      "test_accuracy": 0.9504643962848297,
      "auc_score": 0.781163434903047,
      "classification_report": {
        "0": {
          "precision": 0.95,
          "recall": 1.0,
          "f1-score": 0.9743589743589743,
          "support": 304.0
        },
        "1": {
          "precision": 1.0,
          "recall": 0.15789473684210525,
          "f1-score": 0.2727272727272727,
          "support": 19.0
        },
        "accuracy": 0.9504643962848297,
        "macro avg": {
          "precision": 0.975,
          "recall": 0.5789473684210527,
          "f1-score": 0.6235431235431235,
          "support": 323.0
        },
        "weighted avg": {
          "precision": 0.9529411764705883,
          "recall": 0.9504643962848297,
          "f1-score": 0.9330865213218154,
          "support": 323.0
        }
      }
    },
    "Kế hoạch (xử trí)_Reassess_Later": {
      "train_accuracy": 0.9976762199845082,
      "test_accuracy": 0.9814241486068112,
      "auc_score": 0.9634920634920635,
      "classification_report": {
        "0": {
          "precision": 0.9843260188087775,
          "recall": 0.9968253968253968,
          "f1-score": 0.9905362776025236,
          "support": 315.0
        },
        "1": {
          "precision": 0.75,
          "recall": 0.375,
          "f1-score": 0.5,
          "support": 8.0
        },
        "accuracy": 0.9814241486068112,
        "macro avg": {
          "precision": 0.8671630094043887,